_id,WEIGHT,TIMESTAMP,TYPE,SYNC,SYNC_QQHEALTH,TIME_ZONE,FAT_PERCENTAGE,SOURCE,IMPEDANCE,BMI,HEIGHT,BODY_FAT,MUSCLE,BODY_SHAPE_TYPE,MOISTURE,BASAL_METABOLISM,VISCERAL_FAT,BONE_MASS,SCORE,DEVICE_ID,USER_ID
1450753126000,71,1450753126000,0,1,,,,101,,,,,,,,,,,,,-1
1450807961000,71.0999984741211,1450807961000,0,1,,,,101,,,,,,,,,,,,,-1
1450840071000,70.5999984741211,1450840071000,0,1,,,,101,,,,,,,,,,,,,-1
1450890948000,71,1450890948000,0,1,,,,101,,,,,,,,,,,,,-1
1450926316000,70.80000305175781,1450926316000,0,1,,,,101,,,,,,,,,,,,,-1
1450979002000,71.4000015258789,1450979002000,0,1,,,,101,,,,,,,,,,,,,-1
1451012265000,70.5999984741211,1451012265000,0,1,,,,101,,,,,,,,,,,,,-1
1451246431000,71.5999984741211,1451246431000,0,1,,,,101,,,,,,,,,,,,,-1
1451271511000,71.30000305175781,1451271511000,0,1,,,,101,,,,,,,,,,,,,-1
1451327171000,71.0999984741211,1451327171000,0,1,,,,101,,,,,,,,,,,,,-1
1451411675000,71.0999984741211,1451411675000,0,1,,,,101,,,,,,,,,,,,,-1
1451539303000,70.0999984741211,1451539303000,0,1,,,,101,,,,,,,,,,,,,-1
1451602178000,71.80000305175781,1451602178000,0,1,,,,101,,,,,,,,,,,,,-1
1451716163000,71.0999984741211,1451716163000,0,1,,,,101,,,,,,,,,,,,,-1
1451806815000,70.5999984741211,1451806815000,0,1,,,,101,,,,,,,,,,,,,-1
1451873138000,71.0999984741211,1451873138000,0,1,,,,101,,,,,,,,,,,,,-1
1451925940000,71.0999984741211,1451925940000,0,1,,,,101,,,,,,,,,,,,,-1
1451962823000,71.0999984741211,1451962823000,0,1,,,,101,,,,,,,,,,,,,-1
1452009214000,71.30000305175781,1452009214000,0,1,,,,101,,,,,,,,,,,,,-1
1452050215000,70.30000305175781,1452050215000,0,1,,,,101,,,,,,,,,,,,,-1
1452136886000,70.4000015258789,1452136886000,0,1,,,,101,,,,,,,,,,,,,-1
1452323678000,69.5999984741211,1452323678000,0,1,,,,101,,,,,,,,,,,,,-1
1452353660000,70.80000305175781,1452353660000,0,1,,,,101,,,,,,,,,,,,,-1
1452408858000,70.5999984741211,1452408858000,0,1,,,,101,,,,,,,,,,,,,-1
1452446674000,70.5999984741211,1452446674000,0,1,,,,101,,,,,,,,,,,,,-1
1452480925000,71,1452480925000,0,1,,,,101,,,,,,,,,,,,,-1
1452619871000,71.69999694824219,1452619871000,0,1,,,,101,,,,,,,,,,,,,-1
1452654758000,69.9000015258789,1452654758000,0,1,,,,101,,,,,,,,,,,,,-1
1452709833000,70.9000015258789,1452709833000,0,1,,,,101,,,,,,,,,,,,,-1
1452740782000,70.4000015258789,1452740782000,0,1,,,,101,,,,,,,,,,,,,-1
1452819127000,70.30000305175781,1452819127000,0,1,,,,101,,,,,,,,,,,,,-1
1452880578000,70.5999984741211,1452880578000,0,1,,,,101,,,,,,,,,,,,,-1
1453311877000,70.19999694824219,1453311877000,0,1,,,,101,,,,,,,,,,,,,-1
1453344826000,69.5999984741211,1453344826000,0,1,,,,101,,,,,,,,,,,,,-1
1453401278000,70.30000305175781,1453401278000,0,1,,,,101,,,,,,,,,,,,,-1
1453424290000,70.0999984741211,1453424290000,0,1,,,,101,,,,,,,,,,,,,-1
1453476712000,70.5999984741211,1453476712000,0,1,,,,101,,,,,,,,,,,,,-1
1453535438000,69.30000305175781,1453535438000,0,1,,,,101,,,,,,,,,,,,,-1
1453573385000,71.5,1453573385000,0,1,,,,101,,,,,,,,,,,,,-1
1453622727000,70.19999694824219,1453622727000,0,1,,,,101,,,,,,,,,,,,,-1
1453691746000,70.0999984741211,1453691746000,0,1,,,,101,,,,,,,,,,,,,-1
1453743755000,69.69999694824219,1453743755000,0,1,,,,101,,,,,,,,,,,,,-1
1453777397000,69.30000305175781,1453777397000,0,1,,,,101,,,,,,,,,,,,,-1
1453826084000,70.5999984741211,1453826084000,0,1,,,,101,,,,,,,,,,,,,-1
1453865944000,69.80000305175781,1453865944000,0,1,,,,101,,,,,,,,,,,,,-1
1453921963000,70.19999694824219,1453921963000,0,1,,,,101,,,,,,,,,,,,,-1
1453950734000,69.4000015258789,1453950734000,0,1,,,,101,,,,,,,,,,,,,-1
1453996333000,70.5,1453996333000,0,1,,,,101,,,,,,,,,,,,,-1
1454028856000,69.9000015258789,1454028856000,0,1,,,,101,,,,,,,,,,,,,-1
1454090027000,71.4000015258789,1454090027000,0,1,,,,101,,,,,,,,,,,,,-1
1454144124000,69.80000305175781,1454144124000,0,1,,,,101,,,,,,,,,,,,,-1
1454151456000,71.19999694824219,1454151456000,0,1,,,,101,,,,,,,,,,,,,-1
1454224744000,70.0999984741211,1454224744000,0,1,,,,101,,,,,,,,,,,,,-1
1454265631000,70.9000015258789,1454265631000,0,1,,,,101,,,,,,,,,,,,,-1
1454295343000,70.5,1454295343000,0,1,,,,101,,,,,,,,,,,,,-1
1454348892000,70.30000305175781,1454348892000,0,1,,,,101,,,,,,,,,,,,,-1
1454350940000,70.4000015258789,1454350940000,0,1,,,,101,,,,,,,,,,,,,-1
1454382549000,69.9000015258789,1454382549000,0,1,,,,101,,,,,,,,,,,,,-1
1454435218000,70.80000305175781,1454435218000,0,1,,,,101,,,,,,,,,,,,,-1
1454467966000,70.30000305175781,1454467966000,0,1,,,,101,,,,,,,,,,,,,-1
1454551766000,69.9000015258789,1454551766000,0,1,,,,101,,,,,,,,,,,,,-1
1454591698000,69.9000015258789,1454591698000,0,1,,,,101,,,,,,,,,,,,,-1
1454633265000,70.30000305175781,1454633265000,0,1,,,,101,,,,,,,,,,,,,-1
1454717311000,70,1454717311000,0,1,,,,101,,,,,,,,,,,,,-1
1454787964000,70.69999694824219,1454787964000,0,1,,,,101,,,,,,,,,,,,,-1
1454868464000,71.69999694824219,1454868464000,0,1,,,,101,,,,,,,,,,,,,-1
1454950643000,71.9000015258789,1454950643000,0,1,,,,101,,,,,,,,,,,,,-1
1454986361000,71.30000305175781,1454986361000,0,1,,,,101,,,,,,,,,,,,,-1
1455036952000,71.4000015258789,1455036952000,0,1,,,,101,,,,,,,,,,,,,-1
1455073129000,70.30000305175781,1455073129000,0,1,,,,101,,,,,,,,,,,,,-1
1455124668000,70.5999984741211,1455124668000,0,1,,,,101,,,,,,,,,,,,,-1
1455158248000,69.9000015258789,1455158248000,0,1,,,,101,,,,,,,,,,,,,-1
1455212052000,71.4000015258789,1455212052000,0,1,,,,101,,,,,,,,,,,,,-1
1455237356000,71.30000305175781,1455237356000,0,1,,,,101,,,,,,,,,,,,,-1
1455301287000,71,1455301287000,0,1,,,,101,,,,,,,,,,,,,-1
1455304264000,70.9000015258789,1455304264000,0,1,,,,101,,,,,,,,,,,,,-1
1455348199000,69.69999694824219,1455348199000,0,1,,,,101,,,,,,,,,,,,,-1
1455365720000,70.19999694824219,1455365720000,0,1,,,,101,,,,,,,,,,,,,-1
1455389547000,71.0999984741211,1455389547000,0,1,,,,101,,,,,,,,,,,,,-1
1455452404000,71,1455452404000,0,1,,,,101,,,,,,,,,,,,,-1
1455475224000,71.5,1455475224000,0,1,,,,101,,,,,,,,,,,,,-1
1455504678000,70.80000305175781,1455504678000,0,1,,,,101,,,,,,,,,,,,,-1
1455555815000,71.69999694824219,1455555815000,0,1,,,,101,,,,,,,,,,,,,-1
1455592155000,70.19999694824219,1455592155000,0,1,,,,101,,,,,,,,,,,,,-1
1455649112000,71.19999694824219,1455649112000,0,1,,,,101,,,,,,,,,,,,,-1
1455679766000,70.69999694824219,1455679766000,0,1,,,,101,,,,,,,,,,,,,-1
1455730326000,71,1455730326000,0,1,,,,101,,,,,,,,,,,,,-1
1455768044000,70.30000305175781,1455768044000,0,1,,,,101,,,,,,,,,,,,,-1
1455807061000,69.69999694824219,1455807061000,0,1,,,,101,,,,,,,,,,,,,-1
1455846183000,69.5,1455846183000,0,1,,,,101,,,,,,,,,,,,,-1
1455913141000,70.30000305175781,1455913141000,0,1,,,,101,,,,,,,,,,,,,-1
1455947292000,70.30000305175781,1455947292000,0,1,,,,101,,,,,,,,,,,,,-1
1455982468000,70.30000305175781,1455982468000,0,1,,,,101,,,,,,,,,,,,,-1
1456031758000,69.5999984741211,1456031758000,0,1,,,,101,,,,,,,,,,,,,-1
1456036175000,70.69999694824219,1456036175000,0,1,,,,101,,,,,,,,,,,,,-1
1456167134000,71,1456167134000,0,1,,,,101,,,,,,,,,,,,,-1
1456196286000,70.30000305175781,1456196286000,0,1,,,,101,,,,,,,,,,,,,-1
1456330227000,70.69999694824219,1456330227000,0,1,,,,101,,,,,,,,,,,,,-1
1456682308000,71.5,1456682308000,0,1,,,,101,,,,,,,,,,,,,-1
1456770869000,71.69999694824219,1456770869000,0,1,,,,101,,,,,,,,,,,,,-1
1456801126000,70.9000015258789,1456801126000,0,1,,,,101,,,,,,,,,,,,,-1
1456858265000,71.4000015258789,1456858265000,0,1,,,,101,,,,,,,,,,,,,-1
1456973325000,70.30000305175781,1456973325000,0,1,,,,101,,,,,,,,,,,,,-1
1457023499000,70.9000015258789,1457023499000,0,1,,,,101,,,,,,,,,,,,,-1
1457369015000,70.5999984741211,1457369015000,0,1,,,,101,,,,,,,,,,,,,-1
1457406171000,71,1457406171000,0,1,,,,101,,,,,,,,,,,,,-1
1457490764000,70,1457490764000,0,1,,,,101,,,,,,,,,,,,,-1
1457762455000,70.19999694824219,1457762455000,0,1,,,,101,,,,,,,,,,,,,-1
1457802121000,71.5999984741211,1457802121000,0,1,,,,101,,,,,,,,,,,,,-1
1457849119000,70.30000305175781,1457849119000,0,1,,,,101,,,,,,,,,,,,,-1
1457891939000,71.80000305175781,1457891939000,0,1,,,,101,,,,,,,,,,,,,-1
1458062440000,70.69999694824219,1458062440000,0,1,,,,101,,,,,,,,,,,,,-1
1458145434000,71.5999984741211,1458145434000,0,1,,,,101,,,,,,,,,,,,,-1
1458185081000,71,1458185081000,0,1,,,,101,,,,,,,,,,,,,-1
1458325325000,68.80000305175781,1458325325000,0,1,,,,101,,,,,,,,,,,,,-1
1458702272000,70.19999694824219,1458702272000,0,1,,,,101,,,,,,,,,,,,,-1
1458926645000,71.4000015258789,1458926645000,0,1,,,,101,,,,,,,,,,,,,-1
1459016413000,71,1459016413000,0,1,,,,101,,,,,,,,,,,,,-1
1459068980000,71.69999694824219,1459068980000,0,1,,,,101,,,,,,,,,,,,,-1
1459222089000,69.0999984741211,1459222089000,0,1,,,,101,,,,,,,,,,,,,-1
1459394037000,68.9000015258789,1459394037000,0,1,,,,101,,,,,,,,,,,,,-1
1459449233000,69.19999694824219,1459449233000,0,1,,,,101,,,,,,,,,,,,,-1
1459609201000,71.0999984741211,1459609201000,0,1,,,,101,,,,,,,,,,,,,-1
1459665430000,70.30000305175781,1459665430000,0,1,,,,101,,,,,,,,,,,,,-1
1460110431000,69.4000015258789,1460110431000,0,1,,,,101,,,,,,,,,,,,,-1
1460391530000,70.5,1460391530000,0,1,,,,101,,,,,,,,,,,,,-1
1460429448000,69.5999984741211,1460429448000,0,1,,,,101,,,,,,,,,,,,,-1
1460573952000,70.4000015258789,1460573952000,0,1,,,,101,,,,,,,,,,,,,-1
1460802951000,71.9000015258789,1460802951000,0,1,,,,101,,,,,,,,,,,,,-1
1462728113000,74.0999984741211,1462728113000,0,1,,,,101,,,,,,,,,,,,,-1
1462762789000,71.4000015258789,1462762789000,0,1,,,,101,,,,,,,,,,,,,-1
1462812872000,72.30000305175781,1462812872000,0,1,,,,101,,,,,,,,,,,,,-1
1462896770000,71.5,1462896770000,0,1,,,,101,,,,,,,,,,,,,-1
1462980811000,71.5,1462980811000,0,1,,,,101,,,,,,,,,,,,,-1
1463170063000,71.4000015258789,1463170063000,0,1,,,,101,,,,,,,,,,,,,-1
1463541074000,70.4000015258789,1463541074000,0,1,,,,101,,,,,,,,,,,,,-1
1463590045000,70.69999694824219,1463590045000,0,1,,,,101,,,,,,,,,,,,,-1
1463634788000,69.4000015258789,1463634788000,0,1,,,,101,,,,,,,,,,,,,-1
1463683750000,70.19999694824219,1463683750000,0,1,,,,101,,,,,,,,,,,,,-1
1463714279000,70.69999694824219,1463714279000,0,1,,,,101,,,,,,,,,,,,,-1
1463776388000,71.5,1463776388000,0,1,,,,101,,,,,,,,,,,,,-1
1463812272000,70.69999694824219,1463812272000,0,1,,,,101,,,,,,,,,,,,,-1
1463867538000,71.9000015258789,1463867538000,0,1,,,,101,,,,,,,,,,,,,-1
1463902028000,70.5999984741211,1463902028000,0,1,,,,101,,,,,,,,,,,,,-1
1463972325000,70.80000305175781,1463972325000,0,1,,,,101,,,,,,,,,,,,,-1
1464023434000,71.4000015258789,1464023434000,0,1,,,,101,,,,,,,,,,,,,-1
1464059636000,70.80000305175781,1464059636000,0,1,,,,101,,,,,,,,,,,,,-1
1464147035000,69.30000305175781,1464147035000,0,1,,,,101,,,,,,,,,,,,,-1
1464313479000,70.4000015258789,1464313479000,0,1,,,,101,,,,,,,,,,,,,-1
1464419340000,69.5999984741211,1464419340000,0,1,,,,101,,,,,,,,,,,,,-1
1464465871000,69.30000305175781,1464465871000,0,1,,,,101,,,,,,,,,,,,,-1
1464505766000,69.30000305175781,1464505766000,0,1,,,,101,,,,,,,,,,,,,-1
1464545368000,70.19999694824219,1464545368000,0,1,,,,101,,,,,,,,,,,,,-1
1464577474000,69.19999694824219,1464577474000,0,1,,,,101,,,,,,,,,,,,,-1
1464664459000,70.4000015258789,1464664459000,0,1,,,,101,,,,,,,,,,,,,-1
1464720416000,71.0999984741211,1464720416000,0,1,,,,101,,,,,,,,,,,,,-1
1464750836000,70.5999984741211,1464750836000,0,1,,,,101,,,,,,,,,,,,,-1
1464805934000,70.5999984741211,1464805934000,0,1,,,,101,,,,,,,,,,,,,-1
1464837026000,70.5999984741211,1464837026000,0,1,,,,101,,,,,,,,,,,,,-1
1464930535000,70.19999694824219,1464930535000,0,1,,,,101,,,,,,,,,,,,,-1
1464990853000,71.19999694824219,1464990853000,0,1,,,,101,,,,,,,,,,,,,-1
1465078697000,73.4000015258789,1465078697000,0,1,,,,101,,,,,,,,,,,,,-1
1465114658000,70.80000305175781,1465114658000,0,1,,,,101,,,,,,,,,,,,,-1
1465149072000,71.9000015258789,1465149072000,0,1,,,,101,,,,,,,,,,,,,-1
1465182866000,70.80000305175781,1465182866000,0,1,,,,101,,,,,,,,,,,,,-1
1465183101000,71.19999694824219,1465183101000,0,1,,,,101,,,,,,,,,,,,,-1
1465235313000,71.19999694824219,1465235313000,0,1,,,,101,,,,,,,,,,,,,-1
1465268393000,70,1465268393000,0,1,,,,101,,,,,,,,,,,,,-1
1465321925000,70.30000305175781,1465321925000,0,1,,,,101,,,,,,,,,,,,,-1
1465354942000,70.4000015258789,1465354942000,0,1,,,,101,,,,,,,,,,,,,-1
1465441159000,70.4000015258789,1465441159000,0,1,,,,101,,,,,,,,,,,,,-1
1465441563000,70.5,1465441563000,0,1,,,,101,,,,,,,,,,,,,-1
1465486030000,71,1465486030000,0,1,,,,101,,,,,,,,,,,,,-1
1465527836000,70.5,1465527836000,0,1,,,,101,,,,,,,,,,,,,-1
1465580150000,70.80000305175781,1465580150000,0,1,,,,101,,,,,,,,,,,,,-1
1465629401000,70,1465629401000,0,1,,,,101,,,,,,,,,,,,,-1
1465681270000,71.0999984741211,1465681270000,0,1,,,,101,,,,,,,,,,,,,-1
1465713912000,70.19999694824219,1465713912000,0,1,,,,101,,,,,,,,,,,,,-1
1465752886000,71.30000305175781,1465752886000,0,1,,,,101,,,,,,,,,,,,,-1
1465786136000,70.4000015258789,1465786136000,0,1,,,,101,,,,,,,,,,,,,-1
1465841440000,71.4000015258789,1465841440000,0,1,,,,101,,,,,,,,,,,,,-1
1465875351000,71,1465875351000,0,1,,,,101,,,,,,,,,,,,,-1
1465924439000,71,1465924439000,0,1,,,,101,,,,,,,,,,,,,-1
1465960040000,70.30000305175781,1465960040000,0,1,,,,101,,,,,,,,,,,,,-1
1466007090000,71.0999984741211,1466007090000,0,1,,,,101,,,,,,,,,,,,,-1
1466046766000,70.4000015258789,1466046766000,0,1,,,,101,,,,,,,,,,,,,-1
1466096375000,70.69999694824219,1466096375000,0,1,,,,101,,,,,,,,,,,,,-1
1466132934000,71.0999984741211,1466132934000,0,1,,,,101,,,,,,,,,,,,,-1
1466188122000,70.80000305175781,1466188122000,0,1,,,,101,,,,,,,,,,,,,-1
1466231953000,69.9000015258789,1466231953000,0,1,,,,101,,,,,,,,,,,,,-1
1466275035000,71.19999694824219,1466275035000,0,1,,,,101,,,,,,,,,,,,,-1
1466317020000,70.0999984741211,1466317020000,0,1,,,,101,,,,,,,,,,,,,-1
1466352918000,71.4000015258789,1466352918000,0,1,,,,101,,,,,,,,,,,,,-1
1466390032000,70.80000305175781,1466390032000,0,1,,,,101,,,,,,,,,,,,,-1
1466440982000,71.4000015258789,1466440982000,0,1,,,,101,,,,,,,,,,,,,-1
1466478104000,70.5999984741211,1466478104000,0,1,,,,101,,,,,,,,,,,,,-1
1466528603000,71.19999694824219,1466528603000,0,1,,,,101,,,,,,,,,,,,,-1
1466565373000,70.4000015258789,1466565373000,0,1,,,,101,,,,,,,,,,,,,-1
1466613289000,70.80000305175781,1466613289000,0,1,,,,101,,,,,,,,,,,,,-1
1466651986000,69.80000305175781,1466651986000,0,1,,,,101,,,,,,,,,,,,,-1
1466707223000,71.5,1466707223000,0,1,,,,101,,,,,,,,,,,,,-1
1466784216000,71.5,1466784216000,0,1,,,,101,,,,,,,,,,,,,-1
1466829097000,70.4000015258789,1466829097000,0,1,,,,101,,,,,,,,,,,,,-1
1466868577000,71.69999694824219,1466868577000,0,1,,,,101,,,,,,,,,,,,,-1
1466923412000,70.4000015258789,1466923412000,0,1,,,,101,,,,,,,,,,,,,-1
1466963611000,71,1466963611000,0,1,,,,101,,,,,,,,,,,,,-1
1466996316000,70.80000305175781,1466996316000,0,1,,,,101,,,,,,,,,,,,,-1
1467043934000,71.69999694824219,1467043934000,0,1,,,,101,,,,,,,,,,,,,-1
1467083091000,70.80000305175781,1467083091000,0,1,,,,101,,,,,,,,,,,,,-1
1467170352000,70.80000305175781,1467170352000,0,1,,,,101,,,,,,,,,,,,,-1
1467221717000,71,1467221717000,0,1,,,,101,,,,,,,,,,,,,-1
1467304115000,71.5999984741211,1467304115000,0,1,,,,101,,,,,,,,,,,,,-1
1467393643000,71.19999694824219,1467393643000,0,1,,,,101,,,,,,,,,,,,,-1
1467446281000,70.19999694824219,1467446281000,0,1,,,,101,,,,,,,,,,,,,-1
1467483728000,72,1467483728000,0,1,,,,101,,,,,,,,,,,,,-1
1467532034000,70.0999984741211,1467532034000,0,1,,,,101,,,,,,,,,,,,,-1
1467566605000,71.5,1467566605000,0,1,,,,101,,,,,,,,,,,,,-1
1467601528000,70.80000305175781,1467601528000,0,1,,,,101,,,,,,,,,,,,,-1
1467654883000,71.80000305175781,1467654883000,0,1,,,,101,,,,,,,,,,,,,-1
1467689981000,71,1467689981000,0,1,,,,101,,,,,,,,,,,,,-1
1467740200000,71.69999694824219,1467740200000,0,1,,,,101,,,,,,,,,,,,,-1
1467824261000,72.0999984741211,1467824261000,0,1,,,,1,,21.700000762939453,182,,,,,,,,,,-1
1467912520000,71.4000015258789,1467912520000,0,1,,,,1,,21.5,182,,,,,,,,,,-1
1467948336000,70.5999984741211,1467948336000,0,1,,,,1,,21.299999237060547,182,,,,,,,,,,-1
1468087359000,71.69999694824219,1468087359000,0,1,,,,1,,21.600000381469727,182,,,,,,,,,,-1
1468136283000,71,1468136283000,0,1,,,,1,,21.399999618530273,182,,,,,,,,,,-1
1468174063000,72,1468174063000,0,1,,,,1,,21.700000762939453,182,,,,,,,,,,-1
1468208067000,71,1468208067000,0,1,,,,1,,21.399999618530273,182,,,,,,,,,,-1
1468381622000,70.9000015258789,1468381622000,0,1,,,,1,,21.399999618530273,182,,,,,,,,,,-1
1468428766000,71,1468428766000,0,1,,,,1,,21.399999618530273,182,,,,,,,,,,-1
1468515370000,71.4000015258789,1468515370000,0,1,,,,1,,21.5,182,,,,,,,,,,-1
1468606329000,71,1468606329000,0,1,,,,1,,21.399999618530273,182,,,,,,,,,,-1
1468784434000,72.0999984741211,1468784434000,0,1,,,,1,,21.700000762939453,182,,,,,,,,,,-1
1468788744000,72.5,1468788744000,0,1,,,,1,,21.799999237060547,182,,,,,,,,,,-1
1468864576000,72.5999984741211,1468864576000,0,1,,,,1,,21.899999618530273,182,,,,,,,,,,-1
1468950772000,71.19999694824219,1468950772000,0,1,,,,1,,21.399999618530273,182,,,,,,,,,,-1
1469068495000,70.5999984741211,1469068495000,0,1,,,,1,,21.299999237060547,182,,,,,,,,,,-1
1469121856000,71.5999984741211,1469121856000,0,1,,,,1,,21.600000381469727,182,,,,,,,,,,-1
1469383107000,73,1469383107000,0,1,,,,1,,22,182,,,,,,,,,,-1
1469468281000,72.69999694824219,1469468281000,0,1,,,,1,,21.899999618530273,182,,,,,,,,,,-1
1469639628000,72.5,1469639628000,0,1,,,,1,,21.799999237060547,182,,,,,,,,,,-1
1469677025000,71.30000305175781,1469677025000,0,1,,,,1,,21.5,182,,,,,,,,,,-1
1469992021000,71.80000305175781,1469992021000,0,1,,,,1,,21.600000381469727,182,,,,,,,,,,-1
1470154433000,72,1470154433000,0,1,,,,1,,21.700000762939453,182,,,,,,,,,,-1
1470240194000,72.19999694824219,1470240194000,0,1,,,,1,,21.700000762939453,182,,,,,,,,,,-1
1470280744000,71.69999694824219,1470280744000,0,1,,,,1,,21.600000381469727,182,,,,,,,,,,-1
1470325012000,72.69999694824219,1470325012000,0,1,,,,1,,21.899999618530273,182,,,,,,,,,,-1
1470416460000,72.0999984741211,1470416460000,0,1,,,,1,,21.700000762939453,182,,,,,,,,,,-1
1470464094000,71.19999694824219,1470464094000,0,1,,,,1,,21.399999618530273,182,,,,,,,,,,-1
1470511538000,73.30000305175781,1470511538000,0,1,,,,1,,22.100000381469727,182,,,,,,,,,,-1
1470555062000,71.80000305175781,1470555062000,0,1,,,,1,,21.600000381469727,182,,,,,,,,,,-1
1470599350000,72.30000305175781,1470599350000,0,1,,,,1,,21.799999237060547,182,,,,,,,,,,-1
1470681242000,71.0999984741211,1470681242000,0,1,,,,1,,21.399999618530273,182,,,,,,,,,,-1
1470711417000,71.19999694824219,1470711417000,0,1,,,,1,,21.399999618530273,182,,,,,,,,,,-1
1470851388000,73,1470851388000,0,1,,,,1,,22,182,,,,,,,,,,-1
1470886622000,72.19999694824219,1470886622000,0,1,,,,1,,21.700000762939453,182,,,,,,,,,,-1
1470937487000,72.4000015258789,1470937487000,0,1,,,,1,,21.799999237060547,182,,,,,,,,,,-1
1470976186000,71.69999694824219,1470976186000,0,1,,,,1,,21.600000381469727,182,,,,,,,,,,-1
1471024166000,72.0999984741211,1471024166000,0,1,,,,1,,21.700000762939453,182,,,,,,,,,,-1
1471118995000,71.69999694824219,1471118995000,0,1,,,,1,,21.600000381469727,182,,,,,,,,,,-1
1471200425000,72.5,1471200425000,0,1,,,,1,,21.799999237060547,182,,,,,,,,,,-1
1471231706000,72.0999984741211,1471231706000,0,1,,,,1,,21.700000762939453,182,,,,,,,,,,-1
1471287486000,71.69999694824219,1471287486000,0,1,,,,1,,21.600000381469727,182,,,,,,,,,,-1
1471405264000,71.69999694824219,1471405264000,0,1,,,,1,,21.600000381469727,182,,,,,,,,,,-1
1471543764000,72.0999984741211,1471543764000,0,1,,,,1,,21.700000762939453,182,,,,,,,,,,-1
1471575931000,71.30000305175781,1471575931000,0,1,,,,1,,21.5,182,,,,,,,,,,-1
1471642750000,72.5,1471642750000,0,1,,,,1,,21.799999237060547,182,,,,,,,,,,-1
1471680332000,71.4000015258789,1471680332000,0,1,,,,1,,21.5,182,,,,,,,,,,-1
1471728973000,72.4000015258789,1471728973000,0,1,,,,1,,21.799999237060547,182,,,,,,,,,,-1
1471766377000,71.80000305175781,1471766377000,0,1,,,,1,,21.600000381469727,182,,,,,,,,,,-1
1471804812000,72.80000305175781,1471804812000,0,1,,,,1,,21.899999618530273,182,,,,,,,,,,-1
1471836747000,72,1471836747000,0,1,,,,1,,21.700000762939453,182,,,,,,,,,,-1
1471887600000,72.5,1471887600000,0,1,,,,1,,21.799999237060547,182,,,,,,,,,,-1
1471923491000,71.80000305175781,1471923491000,0,1,,,,1,,21.600000381469727,182,,,,,,,,,,-1
1471976658000,71.9000015258789,1471976658000,0,1,,,,1,,21.700000762939453,182,,,,,,,,,,-1
1472009357000,71.30000305175781,1472009357000,0,1,,,,1,,21.5,182,,,,,,,,,,-1
1472236109000,71.69999694824219,1472236109000,0,1,,,,1,,21.600000381469727,182,,,,,,,,,,-1
1472259506000,71.5,1472259506000,0,1,,,,1,,21.5,182,,,,,,,,,,-1
1472496953000,72.80000305175781,1472496953000,0,1,,,,1,,21.899999618530273,182,,,,,,,,,,-1
1472527847000,71.9000015258789,1472527847000,0,1,,,,1,,21.700000762939453,182,,,,,,,,,,-1
1472537696000,71.5999984741211,1472537696000,0,1,,,,1,,21.600000381469727,182,,,,,,,,,,-1
1472583001000,72.80000305175781,1472583001000,0,1,,,,1,,21.899999618530273,182,,,,,,,,,,-1
1472612787000,72.0999984741211,1472612787000,0,1,,,,1,,21.700000762939453,182,,,,,,,,,,-1
1472613186000,72.0999984741211,1472613186000,0,1,,,,1,,21.700000762939453,182,,,,,,,,,,-1
1472667251000,72.4000015258789,1472667251000,0,1,,,,1,,21.799999237060547,182,,,,,,,,,,-1
1472748561000,72.19999694824219,1472748561000,0,1,,,,1,,21.700000762939453,182,,,,,,,,,,-1
1472783450000,71.5,1472783450000,0,1,,,,1,,21.5,182,,,,,,,,,,-1
1472837309000,72.19999694824219,1472837309000,0,1,,,,1,,21.700000762939453,182,,,,,,,,,,-1
1472871270000,72.5,1472871270000,0,1,,,,1,,21.799999237060547,182,,,,,,,,,,-1
1472928109000,72.5,1472928109000,0,1,,,,1,,21.799999237060547,182,,,,,,,,,,-1
1473015901000,72.5,1473015901000,0,1,,,,1,,21.799999237060547,182,,,,,,,,,,-1
1473043718000,71.80000305175781,1473043718000,0,1,,,,1,,21.600000381469727,182,,,,,,,,,,-1
1473133239000,71.4000015258789,1473133239000,0,1,,,,1,,21.5,182,,,,,,,,,,-1
1473187029000,71.80000305175781,1473187029000,0,1,,,,1,,21.600000381469727,182,,,,,,,,,,-1
1473218672000,71.5,1473218672000,0,1,,,,1,,21.5,182,,,,,,,,,,-1
1473281616000,71.9000015258789,1473281616000,0,1,,,,1,,21.700000762939453,182,,,,,,,,,,-1
1473301623000,72.19999694824219,1473301623000,0,1,,,,1,,21.700000762939453,182,,,,,,,,,,-1
1473476780000,72,1473476780000,0,1,,,,1,,21.700000762939453,182,,,,,,,,,,-1
1473791903000,73.4000015258789,1473791903000,0,1,,,,1,,22.100000381469727,182,,,,,,,,,,-1
1473827898000,72.9000015258789,1473827898000,0,1,,,,1,,22,182,,,,,,,,,,-1
1473879278000,73.19999694824219,1473879278000,0,1,,,,1,,22,182,,,,,,,,,,-1
1473909609000,72.4000015258789,1473909609000,0,1,,,,1,,21.799999237060547,182,,,,,,,,,,-1
1473964424000,72.9000015258789,1473964424000,0,1,,,,1,,22,182,,,,,,,,,,-1
1474147575000,73.5,1474147575000,0,1,,,,1,,22.100000381469727,182,,,,,,,,,,-1
1474182844000,72.5,1474182844000,0,1,,,,1,,21.799999237060547,182,,,,,,,,,,-1
1474230737000,72.4000015258789,1474230737000,0,1,,,,1,,21.799999237060547,182,,,,,,,,,,-1
1474255148000,71.80000305175781,1474255148000,0,1,,,,1,,21.600000381469727,182,,,,,,,,,,-1
1474399329000,72.19999694824219,1474399329000,0,1,,,,1,,21.700000762939453,182,,,,,,,,,,-1
1474505951000,72.30000305175781,1474505951000,0,1,,,,1,,21.799999237060547,182,,,,,,,,,,-1
1474593144000,71.69999694824219,1474593144000,0,1,,,,1,,21.600000381469727,182,,,,,,,,,,-1
1474703205000,71.30000305175781,1474703205000,0,1,,,,1,,21.5,182,,,,,,,,,,-1
1474754494000,72.19999694824219,1474754494000,0,1,,,,1,,21.700000762939453,182,,,,,,,,,,-1
1474787213000,71.0999984741211,1474787213000,0,1,,,,1,,21.399999618530273,182,,,,,,,,,,-1
1474836120000,73.4000015258789,1474836120000,0,1,,,,1,,22.100000381469727,182,,,,,,,,,,-1
1474858881000,72.19999694824219,1474858881000,0,1,,,,1,,21.700000762939453,182,,,,,,,,,,-1
1474912380000,72.5,1474912380000,0,1,,,,1,,21.799999237060547,182,,,,,,,,,,-1
1474945872000,71.69999694824219,1474945872000,0,1,,,,1,,21.600000381469727,182,,,,,,,,,,-1
1475119191000,72.0999984741211,1475119191000,0,1,,,,1,,21.700000762939453,182,,,,,,,,,,-1
1475169354000,72.69999694824219,1475169354000,0,1,,,,1,,21.899999618530273,182,,,,,,,,,,-1
1475208220000,71.80000305175781,1475208220000,0,1,,,,1,,21.600000381469727,182,,,,,,,,,,-1
1475430733000,73.30000305175781,1475430733000,0,1,,,,1,,22.100000381469727,182,,,,,,,,,,-1
1475462636000,72.5,1475462636000,0,1,,,,1,,21.799999237060547,182,,,,,,,,,,-1
1475522125000,73.5,1475522125000,0,1,,,,1,,22.100000381469727,182,,,,,,,,,,-1
1475551514000,72.4000015258789,1475551514000,0,1,,,,1,,21.799999237060547,182,,,,,,,,,,-1
1475607624000,73.0999984741211,1475607624000,0,1,,,,1,,22,182,,,,,,,,,,-1
1475638791000,72.4000015258789,1475638791000,0,1,,,,1,,21.799999237060547,182,,,,,,,,,,-1
1475691871000,72.80000305175781,1475691871000,0,1,,,,1,,21.899999618530273,182,,,,,,,,,,-1
1475727118000,72,1475727118000,0,1,,,,1,,21.700000762939453,182,,,,,,,,,,-1
1475789789000,73.0999984741211,1475789789000,0,1,,,,1,,22,182,,,,,,,,,,-1
1475874903000,72.9000015258789,1475874903000,0,1,,,,1,,22,182,,,,,,,,,,-1
1475885603000,72.5,1475885603000,0,1,,,,1,,21.799999237060547,182,,,,,,,,,,-1
1475983850000,71.30000305175781,1475983850000,0,1,,,,1,,21.5,182,,,,,,,,,,-1
1476043625000,71.69999694824219,1476043625000,0,1,,,,1,,21.600000381469727,182,,,,,,,,,,-1
1476070442000,71.19999694824219,1476070442000,0,1,,,,1,,21.399999618530273,182,,,,,,,,,,-1
1476125863000,71.19999694824219,1476125863000,0,1,,,,1,,21.399999618530273,182,,,,,,,,,,-1
1476243737000,71,1476243737000,0,1,,,,1,,21.399999618530273,182,,,,,,,,,,-1
1476329899000,71,1476329899000,0,1,,,,1,,21.399999618530273,182,,,,,,,,,,-1
1476567243000,72.5999984741211,1476567243000,0,1,,,,1,,21.899999618530273,182,,,,,,,,,,-1
1476589571000,71.5,1476589571000,0,1,,,,1,,21.5,182,,,,,,,,,,-1
1476674555000,71.69999694824219,1476674555000,0,1,,,,1,,21.600000381469727,182,,,,,,,,,,-1
1476847921000,70.5999984741211,1476847921000,0,1,,,,1,,21.299999237060547,182,,,,,,,,,,-1
1477149095000,71,1477149095000,0,1,,,,1,,21.399999618530273,182,,,,,,,,,,-1
1477246675000,70.9000015258789,1477246675000,0,1,,,,1,,21.399999618530273,182,,,,,,,,,,-1
1477337112000,70.19999694824219,1477337112000,0,1,,,,1,,21.100000381469727,182,,,,,,,,,,-1
1477366088000,70.80000305175781,1477366088000,0,1,,,,1,,21.299999237060547,182,,,,,,,,,,-1
1477518949000,70.30000305175781,1477518949000,0,1,,,,1,,21.200000762939453,182,,,,,,,,,,-1
1477547259000,70,1477547259000,0,1,,,,1,,21.100000381469727,182,,,,,,,,,,-1
1477725102000,70.5,1477725102000,0,1,,,,1,,21.200000762939453,182,,,,,,,,,,-1
1477798476000,70.9000015258789,1477798476000,0,1,,,,1,,21.399999618530273,182,,,,,,,,,,-1
1477858133000,71.30000305175781,1477858133000,0,1,,,,1,,21.5,182,,,,,,,,,,-1
1477984978000,70.80000305175781,1477984978000,0,1,,,,1,,21.299999237060547,182,,,,,,,,,,-1
1478004128000,70.30000305175781,1478004128000,0,1,,,,1,,21.200000762939453,182,,,,,,,,,,-1
1478091665000,69.69999694824219,1478091665000,0,1,,,,1,,21,182,,,,,,,,,,-1
1478115141000,70,1478115141000,0,1,,,,1,,21.100000381469727,182,,,,,,,,,,-1
1478206976000,70.80000305175781,1478206976000,0,1,,,,1,,21.299999237060547,182,,,,,,,,,,-1
1478331668000,70.19999694824219,1478331668000,0,1,,,,1,,21.100000381469727,182,,,,,,,,,,-1
1478376762000,71.0999984741211,1478376762000,0,1,,,,1,,21.399999618530273,182,,,,,,,,,,-1
1478403497000,70.4000015258789,1478403497000,0,1,,,,1,,21.200000762939453,182,,,,,,,,,,-1
1478463900000,70.5,1478463900000,0,1,,,,1,,21.200000762939453,182,,,,,,,,,,-1
1478544589000,70.5,1478544589000,0,1,,,,1,,21.200000762939453,182,,,,,,,,,,-1
1478576265000,70.0999984741211,1478576265000,0,1,,,,1,,21.100000381469727,182,,,,,,,,,,-1
1478714939000,70.5,1478714939000,0,1,,,,1,,21.200000762939453,182,,,,,,,,,,-1
1478899761000,70.9000015258789,1478899761000,0,1,,,,1,,21.399999618530273,182,,,,,,,,,,-1
1479005687000,70.69999694824219,1479005687000,0,1,,,,1,,21.299999237060547,182,,,,,,,,,,-1
1479046323000,71.19999694824219,1479046323000,0,1,,,,1,,21.399999618530273,182,,,,,,,,,,-1
1479096038000,70.19999694824219,1479096038000,0,1,,,,1,,21.100000381469727,182,,,,,,,,,,-1
1479148812000,71.4000015258789,1479148812000,0,1,,,,1,,21.5,182,,,,,,,,,,-1
1479185795000,70.69999694824219,1479185795000,0,1,,,,1,,21.299999237060547,182,,,,,,,,,,-1
1479275457000,70.69999694824219,1479275457000,0,1,,,,1,,21.299999237060547,182,,,,,,,,,,-1
1479442370000,70.19999694824219,1479442370000,0,1,,,,1,,21.100000381469727,182,,,,,,,,,,-1
1479539880000,71,1479539880000,0,1,,,,1,,21.399999618530273,182,,,,,,,,,,-1
1479675523000,72.5999984741211,1479675523000,0,1,,,,1,,21.899999618530273,182,,,,,,,,,,-1
1479699476000,71.80000305175781,1479699476000,0,1,,,,1,,21.600000381469727,182,,,,,,,,,,-1
1479844386000,70.9000015258789,1479844386000,0,1,,,,1,,21.399999618530273,182,,,,,,,,,,-1
1479862439000,70.30000305175781,1479862439000,0,1,,,,1,,21.200000762939453,182,,,,,,,,,,-1
1480046627000,70.4000015258789,1480046627000,0,1,,,,1,,21.200000762939453,182,,,,,,,,,,-1
1480281555000,71.0999984741211,1480281555000,0,1,,,,1,,21.399999618530273,182,,,,,,,,,,-1
1480307341000,70.5,1480307341000,0,1,,,,1,,21.200000762939453,182,,,,,,,,,,-1
1480359653000,71.80000305175781,1480359653000,0,1,,,,1,,21.600000381469727,182,,,,,,,,,,-1
1480381392000,71.0999984741211,1480381392000,0,1,,,,1,,21.399999618530273,182,,,,,,,,,,-1
1480476139000,70.80000305175781,1480476139000,0,1,,,,1,,21.299999237060547,182,,,,,,,,,,-1
1480476410000,71,1480476410000,0,1,,,,1,,21.399999618530273,182,,,,,,,,,,-1
1480530426000,71.5,1480530426000,0,1,,,,1,,21.5,182,,,,,,,,,,-1
1480566022000,70.80000305175781,1480566022000,0,1,,,,1,,21.299999237060547,182,,,,,,,,,,-1
1480626983000,71.5999984741211,1480626983000,0,1,,,,1,,21.600000381469727,182,,,,,,,,,,-1
1480719516000,71.69999694824219,1480719516000,0,1,,,,1,,21.600000381469727,182,,,,,,,,,,-1
1480753974000,70.5,1480753974000,0,1,,,,1,,21.200000762939453,182,,,,,,,,,,-1
1480828506000,71.4000015258789,1480828506000,0,1,,,,1,,21.5,182,,,,,,,,,,-1
1480966423000,71.69999694824219,1480966423000,0,1,,,,1,,21.600000381469727,182,,,,,,,,,,-1
1480997749000,70.5999984741211,1480997749000,0,1,,,,1,,21.299999237060547,182,,,,,,,,,,-1
1481136477000,71.19999694824219,1481136477000,0,1,,,,1,,21.399999618530273,182,,,,,,,,,,-1
1481314048000,71.9000015258789,1481314048000,0,1,,,,1,,21.700000762939453,182,,,,,,,,,,-1
1481387540000,72.4000015258789,1481387540000,0,1,,,,1,,21.799999237060547,182,,,,,,,,,,-1
1481518548000,70.4000015258789,1481518548000,0,1,,,,1,,21.200000762939453,182,,,,,,,,,,-1
1481599418000,70.5999984741211,1481599418000,0,1,,,,1,,21.299999237060547,182,,,,,,,,,,-1
1481655869000,72.30000305175781,1481655869000,0,1,,,,1,,21.799999237060547,182,,,,,,,,,,-1
1481685633000,71.5999984741211,1481685633000,0,1,,,,1,,21.600000381469727,182,,,,,,,,,,-1
1481741108000,71.9000015258789,1481741108000,0,1,,,,1,,21.700000762939453,182,,,,,,,,,,-1
1481773139000,71.19999694824219,1481773139000,0,1,,,,1,,21.399999618530273,182,,,,,,,,,,-1
1481832257000,71.5,1481832257000,0,1,,,,1,,21.5,182,,,,,,,,,,-1
1481862789000,70.5,1481862789000,0,1,,,,1,,21.200000762939453,182,,,,,,,,,,-1
1481924438000,71.4000015258789,1481924438000,0,1,,,,1,,21.5,182,,,,,,,,,,-1
1482040124000,71.80000305175781,1482040124000,0,1,,,,1,,21.600000381469727,182,,,,,,,,,,-1
1482089186000,72.30000305175781,1482089186000,0,1,,,,1,,21.799999237060547,182,,,,,,,,,,-1
1482117522000,71.19999694824219,1482117522000,0,1,,,,1,,21.399999618530273,182,,,,,,,,,,-1
1482177056000,70.5999984741211,1482177056000,0,1,,,,1,,21.299999237060547,182,,,,,,,,,,-1
1482291463000,69.9000015258789,1482291463000,0,1,,,,1,,21.100000381469727,182,,,,,,,,,,-1
1482337692000,70.80000305175781,1482337692000,0,1,,,,1,,21.299999237060547,182,,,,,,,,,,-1
1482376279000,69.69999694824219,1482376279000,0,1,,,,1,,21,182,,,,,,,,,,-1
1483787827000,72.5,1483787827000,0,1,,,,1,,21.799999237060547,182,,,,,,,,,,-1
1483813899000,73.5,1483813899000,0,1,,,,1,,22.100000381469727,182,,,,,,,,,,-1
1483844090000,72.30000305175781,1483844090000,0,1,,,,1,,21.799999237060547,182,,,,,,,,,,-1
1483910301000,72.4000015258789,1483910301000,0,1,,,,1,,21.799999237060547,182,,,,,,,,,,-1
1483986645000,73.0999984741211,1483986645000,0,1,,,,1,,22,182,,,,,,,,,,-1
1484015428000,72.19999694824219,1484015428000,0,1,,,,1,,21.700000762939453,182,,,,,,,,,,-1
1484157510000,73,1484157510000,0,1,,,,1,,22,182,,,,,,,,,,-1
1484185493000,71.5999984741211,1484185493000,0,1,,,,1,,21.600000381469727,182,,,,,,,,,,-1
1484189619000,71.9000015258789,1484189619000,0,1,,,,1,,21.700000762939453,182,,,,,,,,,,-1
1484236082000,72.80000305175781,1484236082000,0,1,,,,1,,21.899999618530273,182,,,,,,,,,,-1
1484240508000,73.5999984741211,1484240508000,0,1,,,,1,,22.200000762939453,182,,,,,,,,,,-1
1484244358000,72.4000015258789,1484244358000,0,1,,,,1,,21.799999237060547,182,,,,,,,,,,-1
1484453225000,72.5,1484453225000,0,1,,,,1,,21.799999237060547,182,,,,,,,,,,-1
1484507273000,73.5,1484507273000,0,1,,,,1,,22.100000381469727,182,,,,,,,,,,-1
1484535301000,72.5999984741211,1484535301000,0,1,,,,1,,21.899999618530273,182,,,,,,,,,,-1
1484591106000,72.69999694824219,1484591106000,0,1,,,,1,,21.899999618530273,182,,,,,,,,,,-1
1484622731000,72.30000305175781,1484622731000,0,1,,,,1,,21.799999237060547,182,,,,,,,,,,-1
1484795111000,72.19999694824219,1484795111000,0,1,,,,1,,21.700000762939453,182,,,,,,,,,,-1
1484848850000,72.9000015258789,1484848850000,0,1,,,,1,,22,182,,,,,,,,,,-1
1485026177000,73.30000305175781,1485026177000,0,1,,,,1,,22.100000381469727,182,,,,,,,,,,-1
1485143395000,71.9000015258789,1485143395000,0,1,,,,1,,21.700000762939453,182,,,,,,,,,,-1
1485231080000,71.9000015258789,1485231080000,0,1,,,,1,,21.700000762939453,182,,,,,,,,,,-1
1485316399000,71.5,1485316399000,0,1,,,,1,,21.5,182,,,,,,,,,,-1
1485394375000,72.19999694824219,1485394375000,0,1,,,,1,,21.700000762939453,182,,,,,,,,,,-1
1485713517000,73.4000015258789,1485713517000,0,1,,,,1,,22.100000381469727,182,,,,,,,,,,-1
1485800898000,73.4000015258789,1485800898000,0,1,,,,1,,22.100000381469727,182,,,,,,,,,,-1
1485919045000,72.30000305175781,1485919045000,0,1,,,,1,,21.799999237060547,182,,,,,,,,,,-1
1485976434000,73.69999694824219,1485976434000,0,1,,,,1,,22.200000762939453,182,,,,,,,,,,-1
1486007966000,72.4000015258789,1486007966000,0,1,,,,1,,21.799999237060547,182,,,,,,,,,,-1
1486137160000,71.5999984741211,1486137160000,0,1,,,,1,,21.600000381469727,182,,,,,,,,,,-1
1486275147000,72.4000015258789,1486275147000,0,1,,,,1,,21.799999237060547,182,,,,,,,,,,-1
1486353203000,71.5999984741211,1486353203000,0,1,,,,1,,21.600000381469727,182,,,,,,,,,,-1
1486404898000,72.0999984741211,1486404898000,0,1,,,,1,,21.700000762939453,182,,,,,,,,,,-1
1486440371000,71.5999984741211,1486440371000,0,1,,,,1,,21.600000381469727,182,,,,,,,,,,-1
1486528743000,71.5999984741211,1486528743000,0,1,,,,1,,21.600000381469727,182,,,,,,,,,,-1
1486670210000,72.69999694824219,1486670210000,0,1,,,,1,,21.899999618530273,182,,,,,,,,,,-1
1486699421000,71.5999984741211,1486699421000,0,1,,,,1,,21.600000381469727,182,,,,,,,,,,-1
1487091494000,72.30000305175781,1487091494000,0,1,,,,1,,21.799999237060547,182,,,,,,,,,,-1
1487216143000,71.9000015258789,1487216143000,0,1,,,,1,,21.700000762939453,182,,,,,,,,,,-1
1487264843000,72.80000305175781,1487264843000,0,1,,,,1,,21.899999618530273,182,,,,,,,,,,-1
1487351824000,72.19999694824219,1487351824000,0,1,,,,1,,21.700000762939453,182,,,,,,,,,,-1
1487390585000,71.5,1487390585000,0,1,,,,1,,21.5,182,,,,,,,,,,-1
1487441176000,72.69999694824219,1487441176000,0,1,,,,1,,21.899999618530273,182,,,,,,,,,,-1
1487528225000,72.0999984741211,1487528225000,0,1,,,,1,,21.700000762939453,182,,,,,,,,,,-1
1487612148000,72.30000305175781,1487612148000,0,1,,,,1,,21.799999237060547,182,,,,,,,,,,-1
1487645696000,71.69999694824219,1487645696000,0,1,,,,1,,21.600000381469727,182,,,,,,,,,,-1
1487697629000,73.19999694824219,1487697629000,0,1,,,,1,,22,182,,,,,,,,,,-1
1487786311000,72.5999984741211,1487786311000,0,1,,,,1,,21.899999618530273,182,,,,,,,,,,-1
1487819310000,71.30000305175781,1487819310000,0,1,,,,1,,21.5,182,,,,,,,,,,-1
1487871071000,71.80000305175781,1487871071000,0,1,,,,1,,21.600000381469727,182,,,,,,,,,,-1
1487905740000,71,1487905740000,0,1,,,,1,,21.399999618530273,182,,,,,,,,,,-1
1487967947000,71,1487967947000,0,1,,,,1,,21.399999618530273,182,,,,,,,,,,-1
1488055776000,73.0999984741211,1488055776000,0,1,,,,1,,22,182,,,,,,,,,,-1
1488164927000,72.0999984741211,1488164927000,0,1,,,,1,,21.700000762939453,182,,,,,,,,,,-1
1488220341000,72.0999984741211,1488220341000,0,1,,,,1,,21.700000762939453,182,,,,,,,,,,-1
1488251508000,71.30000305175781,1488251508000,0,1,,,,1,,21.5,182,,,,,,,,,,-1
1488337026000,71.30000305175781,1488337026000,0,1,,,,1,,21.5,182,,,,,,,,,,-1
1488735499000,73.4000015258789,1488735499000,0,1,,,,1,,22.100000381469727,182,,,,,,,,,,-1
1488770222000,72.5999984741211,1488770222000,0,1,,,,1,,21.899999618530273,182,,,,,,,,,,-1
1488854266000,71.69999694824219,1488854266000,0,1,,,,1,,21.600000381469727,182,,,,,,,,,,-1
1488941044000,71.80000305175781,1488941044000,0,1,,,,1,,21.600000381469727,182,,,,,,,,,,-1
1488996090000,72.9000015258789,1488996090000,0,1,,,,1,,22,182,,,,,,,,,,-1
1489082753000,73.30000305175781,1489082753000,0,1,,,,1,,22.100000381469727,182,,,,,,,,,,-1
1489116659000,72,1489116659000,0,1,,,,1,,21.700000762939453,182,,,,,,,,,,-1
1489430829000,71.5999984741211,1489430829000,0,1,,,,1,,21.600000381469727,182,,,,,,,,,,-1
1489518339000,72.5,1489518339000,0,1,,,,1,,21.799999237060547,182,,,,,,,,,,-1
1489547133000,71.4000015258789,1489547133000,0,1,,,,1,,21.5,182,,,,,,,,,,-1
1489638926000,71.30000305175781,1489638926000,0,1,,,,1,,21.5,182,,,,,,,,,,-1
1489720666000,71.0999984741211,1489720666000,0,1,,,,1,,21.399999618530273,182,,,,,,,,,,-1
1489778345000,73,1489778345000,0,1,,,,1,,22,182,,,,,,,,,,-1
1489808317000,72.30000305175781,1489808317000,0,1,,,,1,,21.799999237060547,182,,,,,,,,,,-1
1489864613000,72.30000305175781,1489864613000,0,1,,,,1,,21.799999237060547,182,,,,,,,,,,-1
1489897706000,71.5999984741211,1489897706000,0,1,,,,1,,21.600000381469727,182,,,,,,,,,,-1
1489980120000,71.69999694824219,1489980120000,0,1,,,,1,,21.600000381469727,182,,,,,,,,,,-1
1490038014000,72.5,1490038014000,0,1,,,,1,,21.799999237060547,182,,,,,,,,,,-1
1490066847000,72,1490066847000,0,1,,,,1,,21.700000762939453,182,,,,,,,,,,-1
1490123777000,71.80000305175781,1490123777000,0,1,,,,1,,21.600000381469727,182,,,,,,,,,,-1
1491066640000,73.69999694824219,1491066640000,0,1,,,,1,,22.200000762939453,182,,,,,,,,,,-1
1491114470000,72,1491114470000,0,1,,,,1,,21.700000762939453,182,,,,,,,,,,-1
1491187830000,72,1491187830000,0,1,,,,1,,21.700000762939453,182,,,,,,,,,,-1
1491248047000,72,1491248047000,0,1,,,,1,,21.700000762939453,182,,,,,,,,,,-1
1491276752000,72.5,1491276752000,0,1,,,,1,,21.799999237060547,182,,,,,,,,,,-1
1491332454000,71.9000015258789,1491332454000,0,1,,,,1,,21.700000762939453,182,,,,,,,,,,-1
1491361253000,71.19999694824219,1491361253000,0,1,,,,1,,21.399999618530273,182,,,,,,,,,,-1
1491416965000,72.0999984741211,1491416965000,0,1,,,,1,,21.700000762939453,182,,,,,,,,,,-1
1491436397000,71.9000015258789,1491436397000,0,1,,,,1,,21.700000762939453,182,,,,,,,,,,-1
1491763477000,72.5,1491763477000,0,1,,,,1,,21.799999237060547,182,,,,,,,,,,-1
1491794565000,72.19999694824219,1491794565000,0,1,,,,1,,21.700000762939453,182,,,,,,,,,,-1
1491937262000,72,1491937262000,0,1,,,,1,,21.700000762939453,182,,,,,,,,,,-1
1492967437000,72.80000305175781,1492967437000,0,1,,,,1,,21.899999618530273,182,,,,,,,,,,-1
1493000492000,71.5,1493000492000,0,1,,,,1,,21.5,182,,,,,,,,,,-1
1493057166000,71.19999694824219,1493057166000,0,1,,,,1,,21.399999618530273,182,,,,,,,,,,-1
1493081509000,70.69999694824219,1493081509000,0,1,,,,1,,21.299999237060547,182,,,,,,,,,,-1
1493139353000,71.4000015258789,1493139353000,0,1,,,,1,,21.5,182,,,,,,,,,,-1
1493175050000,69.69999694824219,1493175050000,0,1,,,,1,,21,182,,,,,,,,,,-1
1493229601000,71.5999984741211,1493229601000,0,1,,,,1,,21.600000381469727,182,,,,,,,,,,-1
1493578716000,72.80000305175781,1493578716000,0,1,,,,1,,21.899999618530273,182,,,,,,,,,,-1
1493607498000,71,1493607498000,0,1,,,,1,,21.399999618530273,182,,,,,,,,,,-1
1493664354000,71.69999694824219,1493664354000,0,1,,,,1,,21.600000381469727,182,,,,,,,,,,-1
1493692351000,70.5999984741211,1493692351000,0,1,,,,1,,21.299999237060547,182,,,,,,,,,,-1
1493744570000,71.5,1493744570000,0,1,,,,1,,21.5,182,,,,,,,,,,-1
1493779882000,70.4000015258789,1493779882000,0,1,,,,1,,21.200000762939453,182,,,,,,,,,,-1
1493833984000,71.9000015258789,1493833984000,0,1,,,,1,,21.700000762939453,182,,,,,,,,,,-1
1493865986000,71.0999984741211,1493865986000,0,1,,,,1,,21.399999618530273,182,,,,,,,,,,-1
1493922640000,71.0999984741211,1493922640000,0,1,,,,1,,21.399999618530273,182,,,,,,,,,,-1
1494014950000,71.4000015258789,1494014950000,0,1,,,,1,,21.5,182,,,,,,,,,,-1
1494106134000,71.0999984741211,1494106134000,0,1,,,,1,,21.399999618530273,182,,,,,,,,,,-1
1494108915000,71.30000305175781,1494108915000,0,1,,,,1,,21.5,182,,,,,,,,,,-1
1494187413000,71.5999984741211,1494187413000,0,1,,,,1,,21.600000381469727,182,,,,,,,,,,-1
1494214701000,70.19999694824219,1494214701000,0,1,,,,1,,21.100000381469727,182,,,,,,,,,,-1
1494268284000,70.5999984741211,1494268284000,0,1,,,,1,,21.299999237060547,182,,,,,,,,,,-1
1494442468000,70.5999984741211,1494442468000,0,1,,,,1,,21.299999237060547,182,,,,,,,,,,-1
1495595473000,70.19999694824219,1495595473000,0,1,,,,1,,21.100000381469727,182,,,,,,,,,,-1
1495680309000,69.19999694824219,1495680309000,0,1,,,,1,,20.799999237060547,182,,,,,,,,,,-1
1495994167000,71.69999694824219,1495994167000,0,1,,,,1,,21.600000381469727,182,,,,,,,,,,-1
1496027164000,71,1496027164000,0,1,,,,1,,21.399999618530273,182,,,,,,,,,,-1
1496079266000,71.0999984741211,1496079266000,0,1,,,,1,,21.399999618530273,182,,,,,,,,,,-1
1496109795000,70.5,1496109795000,0,1,,,,1,,21.200000762939453,182,,,,,,,,,,-1
1496161506000,70.69999694824219,1496161506000,0,1,,,,1,,21.299999237060547,182,,,,,,,,,,-1
1496200005000,69.5999984741211,1496200005000,0,1,,,,1,,21,182,,,,,,,,,,-1
1496256599000,70.5,1496256599000,0,1,,,,1,,21.200000762939453,182,,,,,,,,,,-1
1496342061000,71,1496342061000,0,1,,,,1,,21.399999618530273,182,,,,,,,,,,-1
1496372575000,70.0999984741211,1496372575000,0,1,,,,1,,21.100000381469727,182,,,,,,,,,,-1
1496475817000,69,1496475817000,0,1,,,,1,,20.799999237060547,182,,,,,,,,,,-1
1496522188000,70.9000015258789,1496522188000,0,1,,,,1,,21.399999618530273,182,,,,,,,,,,-1
1496606790000,70.4000015258789,1496606790000,0,1,,,,1,,21.200000762939453,182,,,,,,,,,,-1
1496774623000,69.80000305175781,1496774623000,0,1,,,,1,,21,182,,,,,,,,,,-1
1496807107000,68.9000015258789,1496807107000,0,1,,,,1,,20.799999237060547,182,,,,,,,,,,-1
1496858633000,68.9000015258789,1496858633000,0,1,,,,1,,20.799999237060547,182,,,,,,,,,,-1
1496891501000,68.5,1496891501000,0,1,,,,1,,20.600000381469727,182,,,,,,,,,,-1
1496946755000,69,1496946755000,0,1,,,,1,,20.799999237060547,182,,,,,,,,,,-1
1496978280000,68.5999984741211,1496978280000,0,1,,,,1,,20.700000762939453,182,,,,,,,,,,-1
1497045123000,69.19999694824219,1497045123000,0,1,,,,1,,20.799999237060547,182,,,,,,,,,,-1
1497301755000,69.0999984741211,1497301755000,0,1,,,,1,,20.799999237060547,182,,,,,,,,,,-1
1497326154000,68.5,1497326154000,0,1,,,,1,,20.600000381469727,182,,,,,,,,,,-1
1497384738000,69.4000015258789,1497384738000,0,1,,,,1,,20.899999618530273,182,,,,,,,,,,-1
1497411973000,69,1497411973000,0,1,,,,1,,20.799999237060547,182,,,,,,,,,,-1
1497464558000,69.9000015258789,1497464558000,0,1,,,,1,,21.100000381469727,182,,,,,,,,,,-1
1497558782000,69.0999984741211,1497558782000,0,1,,,,1,,20.799999237060547,182,,,,,,,,,,-1
1497844053000,70.0999984741211,1497844053000,0,1,,,,1,,21.100000381469727,182,,,,,,,,,,-1
1497892354000,71,1497892354000,0,1,,,,1,,21.399999618530273,182,,,,,,,,,,-1
1497929413000,69.80000305175781,1497929413000,0,1,,,,1,,21,182,,,,,,,,,,-1
1497981818000,69.80000305175781,1497981818000,0,1,,,,1,,21,182,,,,,,,,,,-1
1498015926000,69.0999984741211,1498015926000,0,1,,,,1,,20.799999237060547,182,,,,,,,,,,-1
1498065366000,69.5,1498065366000,0,1,,,,1,,20.899999618530273,182,,,,,,,,,,-1
1498102109000,68.69999694824219,1498102109000,0,1,,,,1,,20.700000762939453,182,,,,,,,,,,-1
1498162143000,69.69999694824219,1498162143000,0,1,,,,1,,21,182,,,,,,,,,,-1
1498183249000,69.4000015258789,1498183249000,0,1,,,,1,,20.899999618530273,182,,,,,,,,,,-1
1498254230000,69.4000015258789,1498254230000,0,1,,,,1,,20.899999618530273,182,,,,,,,,,,-1
1498339727000,69.4000015258789,1498339727000,0,1,,,,1,,20.899999618530273,182,,,,,,,,,,-1
1498371513000,68.80000305175781,1498371513000,0,1,,,,1,,20.700000762939453,182,,,,,,,,,,-1
1498419185000,69.9000015258789,1498419185000,0,1,,,,1,,21.100000381469727,182,,,,,,,,,,-1
1498449643000,69.30000305175781,1498449643000,0,1,,,,1,,20.899999618530273,182,,,,,,,,,,-1
1498501062000,69.5999984741211,1498501062000,0,1,,,,1,,21,182,,,,,,,,,,-1
1498534662000,69,1498534662000,0,1,,,,1,,20.799999237060547,182,,,,,,,,,,-1
1498595863000,69.9000015258789,1498595863000,0,1,,,,1,,21.100000381469727,182,,,,,,,,,,-1
1498701735000,69.69999694824219,1498701735000,0,1,,,,1,,21,182,,,,,,,,,,-1
1498993192000,68.9000015258789,1498993192000,0,1,,,,1,,20.799999237060547,182,,,,,,,,,,-1
1499054721000,68.19999694824219,1499054721000,0,1,,,,1,,20.5,182,,,,,,,,,,-1
1499107235000,69.69999694824219,1499107235000,0,1,,,,1,,21,182,,,,,,,,,,-1
1499137078000,69.5,1499137078000,0,1,,,,1,,20.899999618530273,182,,,,,,,,,,-1
1499192035000,69.69999694824219,1499192035000,0,1,,,,1,,21,182,,,,,,,,,,-1
1499280377000,69.4000015258789,1499280377000,0,1,,,,1,,20.899999618530273,182,,,,,,,,,,-1
1499282936000,69.80000305175781,1499282936000,0,1,,,,1,,21,182,,,,,,,,,,-1
1499368911000,70.0999984741211,1499368911000,0,1,,,,1,,21.100000381469727,182,,,,,,,,,,-1
1499458805000,69.80000305175781,1499458805000,0,1,,,,1,,21,182,,,,,,,,,,-1
1499621725000,69.19999694824219,1499621725000,0,1,,,,1,,20.799999237060547,182,,,,,,,,,,-1
1499719871000,69.5,1499719871000,0,1,,,,1,,20.899999618530273,182,,,,,,,,,,-1
1499744578000,69.30000305175781,1499744578000,0,1,,,,1,,20.899999618530273,182,,,,,,,,,,-1
1499805625000,70.5,1499805625000,0,1,,,,1,,21.200000762939453,182,,,,,,,,,,-1
1499918630000,68.30000305175781,1499918630000,0,1,,,,1,,20.600000381469727,182,,,,,,,,,,-1
1500003304000,68.5999984741211,1500003304000,0,1,,,,1,,20.700000762939453,182,,,,,,,,,,-1
1500048529000,68.9000015258789,1500048529000,0,1,,,,1,,20.799999237060547,182,,,,,,,,,,-1
1500836593000,69.5,1500836593000,0,1,,,,1,,20.899999618530273,182,,,,,,,,,,-1
1500867463000,69.4000015258789,1500867463000,0,1,,,,1,,20.899999618530273,182,,,,,,,,,,-1
1500923127000,69.80000305175781,1500923127000,0,1,,,,1,,21,182,,,,,,,,,,-1
1500954856000,69.19999694824219,1500954856000,0,1,,,,1,,20.799999237060547,182,,,,,,,,,,-1
1501010571000,69.5999984741211,1501010571000,0,1,,,,1,,21,182,,,,,,,,,,-1
1501039955000,69.19999694824219,1501039955000,0,1,,,,1,,20.799999237060547,182,,,,,,,,,,-1
1501125809000,68,1501125809000,0,1,,,,1,,20.5,182,,,,,,,,,,-1
1501180370000,68.5999984741211,1501180370000,0,1,,,,1,,20.700000762939453,182,,,,,,,,,,-1
1501268514000,69.80000305175781,1501268514000,0,1,,,,1,,21,182,,,,,,,,,,-1
1501362510000,69.5,1501362510000,0,1,,,,1,,20.899999618530273,182,,,,,,,,,,-1
1501526595000,69.5,1501526595000,0,1,,,,1,,20.899999618530273,182,,,,,,,,,,-1
1501557941000,68.5999984741211,1501557941000,0,1,,,,1,,20.700000762939453,182,,,,,,,,,,-1
1501611362000,69.5999984741211,1501611362000,0,1,,,,1,,21,182,,,,,,,,,,-1
1501613557000,69.0999984741211,1501613557000,0,1,,,,1,,20.799999237060547,182,,,,,,,,,,-1
1501644579000,68.80000305175781,1501644579000,0,1,,,,1,,20.700000762939453,182,,,,,,,,,,-1
1501645572000,68.5,1501645572000,0,1,,,,1,,20.600000381469727,182,,,,,,,,,,-1
1501696325000,69.19999694824219,1501696325000,0,1,,,,1,,20.799999237060547,182,,,,,,,,,,-1
1501731092000,68.5999984741211,1501731092000,0,1,,,,1,,20.700000762939453,182,,,,,,,,,,-1
1501785592000,69.0999984741211,1501785592000,0,1,,,,1,,20.799999237060547,182,,,,,,,,,,-1
1501817387000,68.5999984741211,1501817387000,0,1,,,,1,,20.700000762939453,182,,,,,,,,,,-1
1501879762000,69,1501879762000,0,1,,,,1,,20.799999237060547,182,,,,,,,,,,-1
1501913330000,68.19999694824219,1501913330000,0,1,,,,1,,20.5,182,,,,,,,,,,-1
